AN,Quantity,Designator,Name,Description,Case,Value,Footprint,Revision,Variant,Trenz-Stock,Mixed,Preferred,Technology,Tolerance,Trenz-Article-Number,Voltage,H-ART
,,,,,,,,,,,,,,,,,
32153,123,"C1, C2, C5, C6, C9, C10, C17, C18, C22, C23, C31, C32, C33, C39, C44, C45, C46, C47, C48, C49, C50, C51, C57, C58, C59, C60, C65, C66, C67, C71, C72, C73, C78, C79, C80, C81, C82, C83, C84, C93, C94, C95, C110, C111, C117, C118, C120, C122, C132, C133, C134, C135, C136, C137, C138, C146, C162, C165, C166, C167, C179, C210, C212, C284, C296, C297, C302, C303, C304, C310, C311, C312, C329, C330, C331, C332, C333, C334, C335, C337, C342, C343, C344, C345, C346, C348, C350, C351, C353, C355, C360, C361, C380, C381, C395, C397, C398, C407, C421, C437, C438, C439, C440, C458, C459, C460, C461, C463, C486, C487, C488, C576, C577, C578, C642, C647, C659, C662, C665, C705, C706, C708, C709",470nF,KON 470nF 6.3V X6S 20% SMD BF 0603 (0201),0603 (0201),470n,CAPC0603X33N_V,"04, 01",G1E13-A,,SMT,Yes,X6S,20%,,6.3V,
30683,93,"C3, C14, C20, C21, C25, C37, C56, C77, C91, C92, C99, C127, C163, C168, C170, C211, C239, C294, C300, C308, C362, C363, C364, C365, C366, C367, C374, C375, C392, C408, C409, C414, C415, C447, C448, C449, C450, C451, C452, C464, C465, C468, C471, C472, C477, C478, C479, C484, C490, C491, C496, C497, C498, C502, C507, C512, C513, C514, C515, C516, C517, C518, C521, C522, C526, C533, C534, C538, C541, C542, C553, C554, C562, C563, C564, C565, C569, C570, C573, C574, C575, C641, C643, C653, C654, C658, C661, C664, C678, C684, C685, C686, C687",10µF,KON 10µF 10V X5R 20% SMD BF 1005 (0402),1005 (0402),10u,CAPC1005X55N_V,4,G1E13-A,,SMT,,X5R,20%,,10V,
31479,48,"C4, C16, C29, C30, C35, C36, C42, C43, C123, C140, C173, C223, C224, C240, C251, C286, C295, C301, C309, C328, C336, C357, C359, C469, C470, C475, C476, C482, C483, C494, C495, C503, C505, C506, C510, C511, C524, C525, C527, C528, C529, C530, C536, C537, C619, C626, C631, C638",4.7uF,KON 4.7uF 6.3V X5R 20% SMD BF 0603 (0201),0603 (0201),4.7u,CAPC0603X33N_V,4,G1E13-A,,SMT,,X5R,20%,,6.3V,
26312,34,"C7, C8, C11, C12, C13, C28, C34, C38, C63, C64, C69, C70, C75, C76, C89, C90, C97, C98, C149, C177, C338, C339, C340, C341, C393, C580, C581, C582, C583, C584, C585, C586, C587, C588",10nF,KON 10nF 10V X7R 10% SMD BF 0603 (0201),0603 (0201),10n,CAPC0603X33N_V,4,G1E13-A,,SMT,Yes,X7R,10%,,10V,
22679,4,"C15, C19, C176, C704",100pF,KON 100pF 1000V X7R 10%  BF 3216 (1206),3216 (1206),100p,CAPC3216X180N_V,4,G1E13-A,,SMT,Yes,X7R,10%,,1000V,
31370,29,"C24, C115, C228, C454, C456, C462, C485, C501, C504, C508, C509, C519, C520, C523, C531, C532, C535, C539, C540, C545, C546, C547, C548, C557, C558, C559, C560, C561, C624",1uF,KON 1uF 4V X6S 20% SMD BF 0603 (0201),0603 (0201),1u,CAPC0603X33N_V,4,G1E13-A,,SMT,,X6S,20%,,4V,
26515,14,"C26, C27, C112, C113, C298, C299, C305, C306, C307, C313, C314, C315, C390, C391",47µF,KON 47µF 10V  X5R 20% SMD BF 2012 (0805),2012 (0805),47u,CAPC2012X135N_V,4,G1E13-A,,SMT,,X5R,,,10V,
34939,92,"C40, C41, C52, C53, C54, C55, C61, C62, C68, C74, C85, C86, C87, C88, C96, C114, C116, C119, C121, C139, C141, C142, C143, C144, C145, C147, C148, C151, C152, C169, C171, C172, C178, C213, C214, C215, C216, C217, C218, C219, C220, C230, C243, C249, C268, C276, C287, C291, C292, C318, C319, C320, C321, C322, C323, C324, C325, C326, C327, C388, C389, C394, C396, C399, C413, C420, C431, C455, C457, C566, C571, C572, C579, C589, C590, C591, C596, C597, C598, C599, C600, C601, C602, C603, C604, C605, C633, C645, C646, C651, C666, C671",100nF,KON 100nF 25V X6S ±10% SMD BF 0603 (0201),0603 (0201),100n,CAPC0603X33N_V,4,G1E13-A,,SMT,,X6S,10%,,25V,
22768,24,"C100, C101, C102, C103, C104, C105, C106, C107, C108, C109, C466, C467, C608, C609, C610, C611, C612, C613, C614, C615, C620, C621, C655, C656",220nF,KON 220nF 16V X7R 10% SMD BF 1005 (0402),1005 (0402),220n,CAPC1005X55N_V,4,G1E13-A,,SMT,,X7R,10%,,16V,
28311,56,"C124, C125, C126, C221, C238, C244, C245, C269, C270, C277, C278, C288, C289, C382, C383, C384, C385, C386, C387, C400, C401, C416, C417, C422, C423, C432, C433, C441, C442, C443, C444, C445, C446, C473, C474, C480, C481, C492, C493, C499, C500, C543, C544, C552, C555, C556, C607, C622, C623, C625, C650, C657, C660, C663, C682, C683",47µF,"KON 47µF 6,3V X5R ±20%  SMD BF 1608 (0603)",1608 (0603),47u,CAPC1608X90N_V,4,G1E13-A,,SMT,,X5R,20%,,6.3V,
22471,5,"C128, C199, C203, C209, C695",1nF,KON 1nF 50V X7R SMD  BF 1005 (0402),1005 (0402),1n,CAPC1005X55N_V,4,G1E13-A,,SMT,Yes,X7R,10%,,50V,
35048,65,"C129, C150, C153, C154, C156, C158, C159, C160, C161, C164, C195, C196, C198, C200, C202, C205, C206, C208, C225, C226, C227, C232, C233, C235, C236, C237, C241, C242, C248, C266, C267, C274, C275, C283, C285, C290, C293, C347, C349, C352, C354, C356, C358, C411, C412, C418, C419, C429, C430, C489, C549, C627, C628, C629, C630, C648, C673, C676, C677, C691, C694, C697, C698, C699, C702",22µF,KON 22µF 25V X6S 20% SMD BF 2012 (0805),2012 (0805),22u,CAPC2012X135N_V,4,G1E13-A,,SMT,,X6S,20%,,25V,
28562,5,"C130, C222, C617, C618, C668",100pF,KON 100pF 50V NP0 1% SMD BF 1005 (0402),1005 (0402),100p,CAPC1005X55N_V,4,G1E13-A,,SMT,,NP0,1%,,50V,
28561,2,"C131, C644",68pF,KON 68pF 50V NP0 1% SMD BF 1005 (0402),1005 (0402),68p,CAPC1005X55N_V,4,G1E13-A,,SMT,,NP0,1%,,50V,
24705,3,"C155, C157, C317",10nF,KON 10nF 50V X7R 10% SMD BF 1005 (0402),1005 (0402),10n,CAPC1005X55N_V,4,G1E13-A,,SMT,Yes,X7R,10%,,50V,
30983,50,"C174, C175, C188, C189, C190, C197, C207, C229, C231, C234, C247, C257, C258, C259, C260, C261, C265, C272, C273, C280, C281, C282, C316, C404, C405, C406, C410, C426, C427, C428, C434, C436, C453, C550, C551, C592, C593, C594, C595, C632, C634, C635, C636, C637, C639, C640, C649, C675, C696, C707",2.2µF,"KON 2,2µF 25V X5R 10% SMD BF 1005 (0402)",1005 (0402),2.2u,CAPC1005X55N_V,4,G1E13-A,,SMT,,X5R,10%,,25V,
28940,34,"C180, C181, C182, C183, C184, C185, C186, C187, C250, C252, C253, C254, C255, C256, C368, C369, C370, C371, C372, C373, C376, C377, C378, C379, C567, C568, C669, C670, C679, C680, C681, C688, C689, C690",100µF,KON 100µF 4V X6S 20% SMD BF 2012 (0805),2012 (0805),100u,CAPC2012X135N_V,4,G1E13-A,,SMT,,X6S,20%,,4V,
29699,4,"C192, C193, C263, C264",4.7µF,KON 4.7µF 25V X5R 20%  SMD BF 1608 (0603),1608 (0603),4.7u,CAPC1608X90N_V,4,G1E13-A,,SMT,Yes,X5R,20%,,25V,
22651,10,"C194, C201, C204, C672, C674, C692, C693, C700, C701, C703",100nF,KON 100nF 50V X7R ±10% SMD BF 1005 (0402),1005 (0402),100n,CAPC1005X55N_V,4,G1E13-A,,SMT,,X7R,10%,,50V,
24885,8,"C246, C271, C279, C402, C403, C424, C425, C435",47pF,KON 47pF 50V NP0 5% SMD BF 1005 (0402),1005 (0402),47p,CAPC1005X55N_V,4,G1E13-A,,SMT,Yes,NP0,5%,,50V,
31290,1,C262,2.7nF,KON 2.7nF 50V NP0 ±2% SMD BF 1005 (0402),1005 (0402),2.7n,CAPC1005X55N_V,4,G1E13-A,,SMT,,NP0,±2%,,50V,
30929,3,"C606, C616, C667",22µF,KON 22µF 10V X5R 20% SMD BF 1608 (0603),1608 (0603),22u,CAPC1608X90N_V,4,G1E13-A,,SMT,,X5R,20%,,10V,
33749,5,"D1, D2, D3, D4, D15",CLY6D-FKC-CK1N1D1BB7D3D3,CLY6D-FKC-CK1N1D1BB7D3D3,PLCC6,RGB,CLY6D-FKC-CK1N1D1BB7D3D3,4,G1E13-A,,SMT,Yes,,,,,CLY6D-FKC-CK1N1D1BB7D3D3
29054,4,"D5, D6, D7, D8",CPDA10R3V3U-HF,TVS/Clamp Diode Array 3.3/9.8V 39.2W 10-UFDFN,TSLP-9-1,39.2W,DFN230X100X55X10N,4,G1E13-A,,SMT,,,,,3.3/9.8V,CPDA10R3V3U-HF
28262,4,"D10, D11, D12, D13",LED Green 19-213/G6C-BM1N2/DT,Chip LED 0603 Briliant Green,1608 (0603),,LEDC1608X55N_GREEN,4,G1E13-A,,SMT,Yes,,,,,19-213/G6C-BM1N2/DT
25534,1,D14,"SMBJ20A, 20V, 600W","TVS Diode 20/32.4V 600W DO-214AA, SMB",SMB DO-214AA,600 W,DIOM5236X261N,4,G1E13-A,,SMT,,,,,20/32.4V,SMBJ20A
34483,1,D16,Chip LED Green,Chip LED Green,2012 (0805),,chipLED_0805_Green_sm_p,4,G1E13-A,,SMT,,,,,2.2 V,LG R971-KN-1-0-20-R18
33879,1,D17,BAS70-05W,"Schottky Diode Array 0,07A 70V dual SC70, SOT323",SC70-3 / SOT323,"0,07A",SOT65P210X110-3N,4,G1E13-A,,SMT,,,,,70V,BAS7005WH6327XTSA1
33857,1,F1,PTC 7 A 24 V,PTC Resettable Fuse 7 A 24 V SMD 2920,7351 (2920),7:00 AM,FUSC7351X250L140N,4,G1E13-A,,SMT,,,,,24 V DC,2920L700/24SL
32667,1,F2,PTC 5 A 24 V,PTC Resettable Fuse 5 A 24 V SMD 2920,7351 (2920),5:00 AM,FUSC7351X120L140N,4,G1E13-A,,SMT,,,,,24 V DC,2920L500/24SL
29745,10,"H1, H2, H6, H7, H8, H9, H15, H17, H22, H23",Steel Spacer M2 5mm SMD,9774050243R,,,9774050243,4,G1E13-A,,SMT,,,,,,9774050243R
27736,2,"J2, J12",USB 3.0 Type A Stacked,484060003,USB 3.0 A,,USB3.0 A Stacked,4,G1E13-A,,THT,,,,,,484060003
27341,1,J3,"ASP-184329-01, CC-HPC+-10",ASP-184329-01,,,ASP-184329-01,4,G1E13-A,,SMT,,,,,260 VAC,ASP-184329-01
33816,2,"J4, J28",857931006,857931006,RJ45,,857931006,4,G1E13-A,,THT,,,,,,857931006
34532,1,J5,USB 2.0 Type C,2171790001,USB 2.0 Type C,,2171790001,4,G1E13-A,,SMT,,,,,30 V AC/DC,2171790001
33670,1,J11,HDMI Connector,2086581001,HDMI,0.5 A DC,2086581001,4,G1E13-A,Yes,SMT,,,,,40 V DC,2086581001
24942,1,J13,Stiftleiste 4 Pol. 2.54mm,47053-1000,,,47053-1000,4,G1E13-A,Yes,THT,,,,,500 VAC,47053-1000
35499,2,"J14, J16",525592270,525592270,,,52559-2270,4,G1E13-A,,SMT,,,,,,525592270
33973,1,J15,ADF6-20-03.5-L-4-2-TR,ADF6-20-03.5-L-4-2-TR,ADF6,1.4 A per pin (4),ADF6-20-03.5-L-4-2,4,G1E13-A,,SMT,,,,,155 VAC,ADF6-20-03.5-L-4-2-TR
28983,1,J17,PMod 2x6 SMD Host Socket 90°,PMod 2x6 SMD Socket 90°,,,SMH-106-02-L-D-PMOD,1,G1E13-A,,SMT,,,,,,SMH-106-02-L-D-TR
22330,1,J18,Pin Header 2.54 1Row 2Pins,"Stiftleiste gerade 1-reihig 2-polig 11,3 mm Stiftlänge",,,JUMPER2_54-2,4,G1E13-A,Yes,THT,,,,,,HTSW-102-07-L-S
29747,2,"J19, J21",SS4-30-3.50-L-D-K-TR,SS4-30-3.50-L-D-K / REF-222269-01,SS4,,SS4-30-3_50-L-D,4,G1E13-A,,SMT,,,,,,REF-222269-01
28978,1,J20,CLT-106-02-F-D-A-K,CLT-106-02-F-D-A-K-TR   / REF-222271-01,,,CLT-106-02-F-D-A,4,G1E13-A,,SMT,,,,,,CLT-106-02-F-D-A-K-TR
32808,1,J24,472192001,472192001,microSD,0.5 A DC,47219-2001,4,G1E13-A,Yes,SMT,Yes,,,,100 V DC,472192001
24680,1,J27,PCIe 6 Pin,Mini-Fit JR Header PCIe 6 Pin Header 90°,,,45558-0003,4,G1E13-A,Yes,THT,,,,,,45558-0003
33899,1,J29,Power Jack 2.5 mm 90° SMD,"Power Jack, 2.5 mm 90° SMD",Power Jack,5:00 AM,PJ-002BH-SMT-TR,4,G1E13-A,Yes,SMT,,,,,24 V DC,PJ-002BH-SMT-TR
33744,2,"J30, J32",zSFP+ Connector,"170382-0001, zSFP+ Con",zSFP+,0.5 A,1703820002,4,G1E13-A,Yes,SMT,,,,,30 V AC(RMS)/DC,170382-0001
34093,1,KK2,ATS-61325W-C2-R0,Kühlkörper maxiGrip ATS-61325W-C2-R0,32.5mm x 32.5mm,,ATS-61325W-C2-R0,4,G1E13-A,,MECH,,BGA,,,,ATS-61325W-C2-R0
27788,16,"L1, L2, L7, L8, L10, L11, L13, L16, L19, L20, L24, L25, L28, L29, L55, L58",BLM15PX121SN1D,"Ferrite Bead 20 mOhm@DC, 120 Ohm@100 MHz, 2A 0402 (1005)",1005 (0402),120 Ohm,INDC1005X55N_V,4,G1E13-A,,SMT,,20 mOhm,25%,,2A,BLM15PX121SN1D
30910,10,"L3, L5, L6, L12, L22, L30, L52, L53, L54, L60",MPZ0603S121HT000,MPZ0603S121HT000,0603 (0201),120 Ohm,INDC0603X33N_V,4,G1E13-A,Yes,SMT,Yes,130 mOhm,25%,,1A,MPZ0603S121HT000
32621,20,"L4, L18, L23, L31, L33, L34, L35, L36, L37, L38, L39, L40, L42, L43, L44, L45, L46, L62, L63, L64",BLM18KG300TH1D,"Ferrite Bead 10 mOhm@DC, 30 Ohm@100 MHz, 5A 1608 (0603)",1608 (0603),30 Ohm,INDC1608X95N_V,4,G1E13-A,,SMT,,10 mOhm,25%,,5A,BLM18KG300TH1D
30395,2,"L9, L21",1.5µH,IND SMD 1.5µH 20% 19A 4.71mOhm (6.56mm x 6.36mm),6.56mm x 6.36mm ,1.5µH,INDDFN636X656X610-2N,4,G1E13-A,,SMT,,4.71mOhm,20%,,19A,XEL6060-152MEC
30632,4,"L14, L15, L26, L27",4.7µH,IND SMD 4.7µH 20% 1.7A 216mOhm BF 1008 (2520),2520(1008),4.7µH,INDC2520X100N,4,G1E13-A,,SMT,,216mOhm,20%,,1.7A,CIGW252010GL4R7MNE
26352,8,"MECH1, MECH3, MECH4, MECH8, MECH9, MECH10, MECH11, MECH12",Screw M2x6,Schraube M2 6mm,,,,4,G1E13-A,,MECH,,,,,,01.17.122
26365,1,MECH2,M.2 NGFF SMD-Abstandsbolzen - M3 - 1.5mm,M.2 NGFF SMD-Abstandsbolzen - M3 - 1.5mm,,,WA-SMSI,4,G1E13-A,,SMT,,,,,,9774015360
33745,2,"MP1, MP2","zSFP Cage, SFP Cage","1001122117,  zSFP+ Cage","zSFP+ Cage, SFP+ Cage",,100112-2117,4,G1E13-A,Yes,MECH,,,,,,1001122117
29981,6,"MP3, MP4, MP5, MP6, MP7, MP8",D01464,"Abstandhalter Einrasthalter für 3,2 mm PCB-Loch 6 mm hoch",,,,4,G1E13-A,,MECH,,,,,,D01464
27037,6,"PM1, PM2, PM3, PM4, PM5, PM6",FIDU-DOT - mini,FIDU-DOT - MINI 0.5mm,,,FIDU-DOT - mini,4,G1E13-A,,FIDU,Yes,,,,,
22844,21,"R1, R37, R38, R49, R51, R61, R70, R129, R212, R213, R224, R233, R237, R279, R308, R309, R310, R394, R396, R442, R457",10R,"WID SMD 10R 1% 0,063W  BF 1005 (0402)",1005 (0402),10,RESC1005X40N_V,4,G1E13-A,,SMT,Yes,TK100,1%,,0.063W,
25073,20,"R2, R109, R110, R183, R184, R185, R186, R197, R198, R203, R206, R215, R216, R217, R219, R231, R267, R349, R350, R351",2K,"WID SMD 2K 1% 0,063W  BF 1005 (0402)",1005 (0402),2K,RESC1005X40N_V,4,G1E13-A,,SMT,Yes,TK100,1%,,0.063W,RC0402FR-072KL
23661,20,"R3, R14, R16, R24, R27, R162, R170, R173, R180, R191, R209, R211, R221, R227, R277, R280, R405, R406, R409, R436",240R,"WID SMD 240R 1% 0,063W BF 1005 (0402)",1005 (0402),240,RESC1005X40N_V,4,G1E13-A,,SMT,Yes,TK100,1%,,0.063W,RC0402FR-07240RL
24914,93,"R5, R20, R25, R29, R30, R31, R40, R52, R62, R63, R64, R107, R116, R130, R131, R134, R137, R149, R151, R161, R163, R167, R168, R193, R195, R199, R220, R244, R245, R260, R262, R264, R265, R270, R271, R284, R288, R289, R291, R292, R295, R296, R302, R303, R304, R307, R322, R323, R327, R328, R329, R330, R331, R332, R333, R334, R335, R338, R339, R340, R341, R343, R344, R345, R346, R347, R348, R355, R365, R366, R368, R369, R370, R371, R373, R374, R387, R391, R399, R400, R410, R411, R413, R414, R418, R421, R425, R429, R430, R431, R480, R493, R495",10K,"WID SMD 10K 1% 0,05W BF 0603 (0201)",0603 (0201),10K,RESC0603X26N_V,4,G1E13-A,,SMT,Yes,TK100,1%,,,RC0201FR-0710KL
22757,4,"R6, R7, R441, R492",1M,"WID SMD 1M 5% 0,25W  BF 3216 (1206)",3216 (1206),1M,RESC3216X65N_V,4,G1E13-A,,SMT,Yes,TK100,5%,,,
25021,14,"R8, R36, R41, R300, R360, R361, R362, R363, R364, R407, R444, R445, R446, R447",33R,"WID SMD 33R 1% 0,05W  BF 0603 (0201)",0603 (0201),33,RESC0603X26N_V,4,G1E13-A,,SMT,Yes,TK100,1%,,,RC0201FR-0733RL
28112,9,"R12, R22, R42, R177, R214, R223, R266, R283, R401",1K,"WID SMD 1K 1% 0,05W  BF 0603 (0201)",0603 (0201),1K,RESC0603X26N_V,4,G1E13-A,,SMT,Yes,TK100,1%,,25V,
22738,62,"R13, R17, R28, R33, R43, R67, R68, R69, R72, R74, R76, R86, R90, R91, R92, R93, R95, R96, R98, R99, R101, R103, R104, R105, R108, R111, R114, R117, R121, R135, R136, R141, R144, R147, R152, R153, R158, R159, R160, R207, R228, R229, R230, R232, R276, R281, R298, R342, R382, R384, R395, R408, R415, R416, R427, R450, R451, R456, R461, R473, R474, R496",0R,WID SMD 0R BF 1005 (0402),1005 (0402),0,RESC1005X40N_V,4,G1E13-A,,SMT,Yes,TK100,1%,,,
22503,11,"R21, R32, R106, R261, R311, R325, R326, R336, R337, R367, R372",100R,"WID SMD 100R 1% 0,05W BF 0603 (0201)",0603 (0201),100,RESC0603X26N_V,4,G1E13-A,,SMT,Yes,TK100,1%,,,
27123,13,"R34, R35, R50, R166, R169, R171, R172, R174, R179, R189, R190, R434, R435",499R,"WID SMD 499R 1% 0,063W BF 1005 (0402)",1005 (0402),499R,RESC1005X40N_V,4,G1E13-A,,SMT,,TK100,1%,,0.063W,
23125,8,"R39, R53, R148, R404, R438, R439, R460, R464",5K1,"WID SMD 5K1 1% 0,063W BF 1005 (0402)",1005 (0402),5.1K,RESC1005X40N_V,4,G1E13-A,,SMT,,TK100,1%,,0.063W,
27581,4,"R44, R45, R54, R56",3M16,"WID SMD 3M16 1% 0,063W BF 1005 (0402)",1005 (0402),3.16M,RESC1005X40N_V,4,G1E13-A,,SMT,,TK100,1%,,0.063W,
22558,5,"R46, R57, R205, R239, R269",100K,"WID SMD 100K 1% 0,063W  BF 1005 (0402)",1005 (0402),100K,RESC1005X40N_V,4,G1E13-A,,SMT,Yes,TK100,1%,,0.063W,
33798,4,"R47, R55, R59, R204",51K1,"WID SMD 51K1 1% 0,063W  BF 1005 (0402)",1005 (0402),51.1K,RESC1005X40N_V,4,G1E13-A,,SMT,,TK100,1%,,0.063W,WR04X5112FTL
26068,2,"R48, R60",249K,"WID SMD 249K 1% 0,063W  BF 1005 (0402)",1005 (0402),249K,RESC1005X40N_V,4,G1E13-A,,SMT,,TK100,1%,,0.063W,
26460,3,"R58, R78, R80",20K,"WID SMD 20K 1% 0,063W BF 1005 (0402)",1005 (0402),20K,RESC1005X40N_V,4,G1E13-A,,SMT,Yes,TK100,1%,,0.063W,
22507,1,R66,100R,"WID SMD 100R 1% 0,063W  BF 1005 (0402)",1005 (0402),100,RESC1005X40N_V,4,G1E13-A,,SMT,Yes,TK100,1%,,0.063W,
22849,2,"R73, R150",12K1,"WID SMD 12K1 1% 0,063W BF 1005 (0402)",1005 (0402),12.1K,RESC1005X40N_V,4,G1E13-A,,SMT,Yes,TK100,1%,,0.063W,
22852,2,"R75, R79",2K7,"WID SMD 2K7 1% 0,063W BF 1005 (0402)",1005 (0402),2.7K,RESC1005X40N_V,4,G1E13-A,,SMT,,TK100,1%,,0.063W,
24878,4,"R77, R87, R187, R202",3K01,"WID SMD 3K01 1% 0,063W BF 1005 (0402)",1005 (0402),3.01K,RESC1005X40N_V,4,G1E13-A,,SMT,,TK100,1%,,0.063W,
22750,7,"R81, R85, R181, R182, R196, R201, R487",10K,"WID SMD 10K 1% 0,063W BF 1005 (0402)",1005 (0402),10K,RESC1005X40N_V,4,G1E13-A,,SMT,Yes,TK100,1%,,0.063W,
24870,6,"R82, R379, R397, R470, R475, R481",15K,"WID SMD 15K 1% 0,063W BF 1005 (0402)",1005 (0402),15K,RESC1005X40N_V,4,G1E13-A,,SMT,Yes,TK100,1%,,0.063W,
25966,1,R83,243K,"WID SMD 243K 1% 0,063W  BF 1005 (0402)",1005 (0402),243K,RESC1005X40N_V,4,G1E13-A,,SMT,,TK100,1%,,0.063W,
25164,2,"R84, R465",29K4,"WID SMD 29K4 1% 0,063W  BF 1005 (0402)",1005 (0402),29.4K,RESC1005X40N_V,4,G1E13-A,,SMT,Yes,TK100,1%,,0.063W,
25242,45,"R89, R165, R175, R225, R246, R247, R248, R249, R250, R251, R252, R253, R254, R256, R257, R268, R278, R282, R285, R286, R287, R299, R301, R305, R306, R352, R353, R354, R357, R358, R359, R383, R385, R386, R390, R392, R393, R402, R419, R420, R443, R488, R489, R490, R491",4K7,"WID SMD 4K7 1% 0,05W  BF 0603 (0201)",0603 (0201),4.7K,RESC0603X26N_V,4,G1E13-A,,SMT,Yes,TK100,1%,,,RC0201FR-074K7L
22752,5,"R97, R424, R432, R440, R479",1K,"WID SMD 1K 1% 0,063W  BF 1005 (0402)",1005 (0402),1K,RESC1005X40N_V,4,G1E13-A,,SMT,Yes,TK100,1%,,0.063W,
25949,1,R102,3K24,"WID SMD 3K24 1% 0,063W  BF 1005 (0402)",1005 (0402),3.24K,RESC1005X40N_V,4,G1E13-A,,SMT,Yes,TK100,1%,,0.063W,
26240,2,"R115, R123",11K,"WID SMD 11K 1% 0,063W   BF 1005 (0402)",1005 (0402),11K,RESC1005X40N_V,4,G1E13-A,,SMT,Yes,TK100,1%,,0.063W,
22506,6,"R118, R138, R176, R178, R192, R200",56K,"WID SMD 56K 1% 0,063W  BF 1005 (0402)",1005 (0402),56K,RESC1005X40N_V,4,G1E13-A,,SMT,Yes,TK100,1%,,0.063W,
23126,11,"R120, R140, R146, R155, R157, R356, R389, R449, R459, R463, R467",4K12,"WID SMD 4K12 1% 0,063W  BF 1005 (0402)",1005 (0402),4.12K,RESC1005X40N_V,4,G1E13-A,,SMT,Yes,TK100,1%,,0.063W,
25948,2,"R122, R462",4K22,"WID SMD 4K22 1% 0,063W  BF 1005 (0402)",1005 (0402),4.22K,RESC1005X40N_V,4,G1E13-A,,SMT,Yes,TK100,1%,,0.063W,
25643,9,"R125, R126, R132, R142, R312, R313, R426, R468, R469",2K05,"WID SMD 2K05 1% 0,063W BF 1005 (0402)",1005 (0402),2.05K,RESC1005X40N_V,4,G1E13-A,,SMT,Yes,TK100,1%,,0.063W,
23160,2,"R128, R133",1K13,"WID SMD 1K13 1% 0,063W  BF 1005 (0402)",1005 (0402),1.13K,RESC1005X40N_V,4,G1E13-A,,SMT,Yes,TK100,1%,,0.063W,
34117,1,R143,3K4,"WID SMD 3K4 1% 0,063W BF 1005 (0402)",1005 (0402),3.4K,RESC1005X40N_V,4,G1E13-A,,SMT,Yes,TK100,1%,,0.063W,
22598,2,"R222, R437",12K,"WID SMD 12K 1% 0,063W  BF 1005 (0402)",1005 (0402),12K,RESC1005X40N_V,4,G1E13-A,,SMT,Yes,TK100,1%,,0.063W,
24671,2,"R273, R274",13K3,"WID SMD 13K3 1% 0,063W  BF 1005 (0402)",1005 (0402),13.3K,RESC1005X40N_V,4,G1E13-A,,SMT,,TK100,1%,,0.063W,
34118,1,R275,8K66,"WID SMD 8K66 1% 0,063W BF 1005 (0402)",1005 (0402),8.66K,RESC1005X40N_V,4,G1E13-A,,SMT,Yes,TK100,1%,,0.063W,
25052,1,R290,8K06,"WID SMD 8K06 1% 0,063W BF 1005 (0402)",1005 (0402),8.06K,RESC1005X40N_V,4,G1E13-A,,SMT,Yes,TK100,1%,,0.063W,
29692,2,"R297, R466",7K15,"WID SMD 7K15 1% 0,063W BF 1005 (0402)",1005 (0402),7.15K,RESC1005X40N_V,4,G1E13-A,,SMT,,TK100,1%,,0.063W,
26655,2,"R452, R453",6K49,"WID SMD 6K49 1% 0,063W  BF 1005 (0402)",1005 (0402),6.49K,RESC1005X40N_V,4,G1E13-A,,SMT,,TK100,1%,,0.063W,
34119,1,R454,7K87,"WID SMD 7K87 1% 0,063W BF 1005 (0402)",1005 (0402),7.87K,RESC1005X40N_V,4,G1E13-A,,SMT,Yes,TK100,1%,,0.063W,
26028,1,R455,6K34,"WID SMD 6K34 1% 0,063W  BF 1005 (0402)",1005 (0402),6.34K,RESC1005X40N_V,4,G1E13-A,,SMT,,TK100,1%,,0.063W,
24675,1,R476,3K92,"WID SMD 3K92 1% 0,063W  BF 1005 (0402)",1005 (0402),3.92K,RESC1005X40N_V,4,G1E13-A,,SMT,,TK100,1%,,0.063W,
33741,2,"R477, R478",4K32,"WID SMD 4K32 1% 0,063W BF 1005 (0402)",1005 (0402),4.32K,RESC1005X40N_V,4,G1E13-A,,SMT,,TK100,1%,,0.063W,
34073,2,"R482, R483",2R7,"WID SMD 2R7 1% 0,063W  BF 1005 (0402)",1005 (0402),2.7,RESC1005X40N_V,4,G1E13-A,,SMT,,TK100,1%,,0.063W,
23156,2,"R485, R486",60K4,"WID SMD 60K4 1% 0,063W BF 1005 (0402)",1005 (0402),60.4K,RESC1005X40N_V,4,G1E13-A,,SMT,,TK100,1%,,0.063W,
34518,7,"S1, S2, S3, S4, S5, S6, S11",PTS647SN38SMTR2LFS,PTS647SN38SMTR2LFS,4.50 mm x 4.50 mm,0.05A,PTS647SN38SMTR2LFS,4,G1E13-A,,SMT,,SPST,,,12 V DC,PTS647SN38SMTR2LFS
28435,2,"S7, S10",TDA04H0SB1,TDA04H0SB1,,25 mA,TDA04H0SB1,4,G1E13-A,,SMT,,SPST,,,24 V DC,TDA04H0SB1
27449,1,S13,204-214ST,204-214ST,,50mA,SOIC254P1040X950-16L3N,4,G1E13-A,,SMT,,DPST,,,24V DC,204-214ST
29027,4,"T1, T2, T3, T4",SI7106DN-T1-E3,SI7106DN-T1-E3,PowerPAK 1212-8,12.5A,Si7106,4,G1E13-A,,SMT,,,,,20V,SI7106DN-T1-E3
26772,1,T5,BSS138LT1G,BSS138LT1G,SOT23-3,,SOT95P230X109-3N,4,G1E13-A,Yes,SMT,Yes,,,,,BSS138LT1G
30572,2,"T6, T7",EM6K34T2CR,EM6K34T2CR,"SOT563, SOT666",0.2A,SOT50P160X60-6N,4,G1E13-A,,SMT,,N-channel,,,50V,EM6K34T2CR
28043,4,"T8, T9, T10, T11",AO7800,AO7800,SC70-6,0.9A,SOT65P210X110-6N,4,G1E13-A,,SMT,,,,,20V,AO7800
26289,52,"TP1, TP2, TP3, TP6, TP7, TP8, TP9, TP10, TP11, TP12, TP13, TP14, TP15, TP19, TP21, TP23, TP24, TP25, TP26, TP27, TP28, TP29, TP30, TP31, TP32, TP33, TP34, TP35, TP36, TP37, TP38, TP39, TP40, TP41, TP42, TP43, TP46, TP47, TP48, TP49, TP50, TP51, TP52, TP53, TP54, TP55, TP56, TP57, TP58, TP59, TP60, TP61",Testpoint 0.8mm,Testpoint 0.8mm,,,TP_0.8mm,4,G1E13-A,,MECH,,,,,,
27481,9,"TP4, TP5, TP16, TP17, TP18, TP20, TP22, TP44, TP45",Testpoint 0.8mm THT,Testpoint 0.8mm TH,,,TP_0.8mm_THT,4,G1E13-A,,,,,,,,
35487,1,U1,A5ED065AB32AE1V,A5ED065AB32AE1V,1591-FBGA,,BGA1591C65P40X40_3200X3200X1861,4,G1E13-A,,SMT,,,,,,A5ED065AB32AE1V
30022,2,"U2, U33",ADIN1300BCPZ,ADIN1300BCPZ,QFN40,,ADIN1300_PCB,4,G1E13-A,,SMT,,,,,,ADIN1300BCPZ
26249,2,"U3, U6",24AA025E48T-I/OT,24AA025E48T-I/OT,SOT23-6,2Kbit,SOT95P280X145-6N,4,G1E13-A,,SMT,,I2C,,,"1,7V/5,5V",24AA025E48T-I/OT
27514,2,"U4, U5",AP2196SG-13,AP2196SG-13,SO8,,SOIC127P600X175-8N,4,G1E13-A,,SMT,,,,,,AP2196SG-13
24840,5,"U7, U9, U25, U36, U44","PRTR5V0U2X,215","PRTR5V0U2X,215",SOT143,,SOT190P229X114-4N,4,G1E13-A,,SMT,Yes,,,,2/6V,"PRTR5V0U2X,215"
24992,1,U8,USB3320C-EZK,USB3320C-EZK,QFN32,,QFN50P500X500X100-33N-345,4,G1E13-A,Yes,SMT,,,,,,USB3320C-EZK
32679,1,U10,SI5332A-D-GM3,"SI5332A-D-GM3, Clock Generator",QFN48,,QFN40P600X600X90-49T360X360N,4,G1E13-A,,SMT,,,,,,SI5332A-D-GM3
27433,1,U11,24AA128T-I/ST,24AA128T-I/ST,TSSOP8,128Kbit,SOP65P640X120-8N-MC,4,G1E13-A,,SMT,,I2C,,,1.7V/5.5V,24AA128T-I/ST
33700,2,"U12, U13",EOL: MT53E256M32D1KS-046 WT:L,EOL : MT53E256M32D1KS-046 WT:L,FBGA200,1GB,BGA200C65X80P22X12_1450X1000X95B44N,4,G1E13-A,,SMT,,LPDDR4,,,,MT53E256M32D1KS-046 WT:L
35276,1,U14,NVT4858HKZ,NVT4858HKZ,QFN16,,NVT4858HKZ,4,G1E13-A,Yes,SMT,,,,,,NVT4858HKZ
27003,2,"U15, U57",TCA9544APWR,TCA9544APWR,TSSOP20,,SOP65P640X120-20N,4,G1E13-A,Yes,SMT,,,,,,TCA9544APWR
31417,4,"U16, U21, U58, U59",SN74AXC4T774BQBR,SN74AXC4T774BQBR,WQFN16,,QFN50P350X250X90-17T200X100N,4,G1E13-A,Yes,SMT,,,,,,SN74AXC4T774BQBR
25923,2,"U17, U18",LTC4365ITS8#TRMPBF,LTC4365ITS8#TRMPBF,TS8,,TSOT-23-8,4,G1E13-A,Yes,SMT,,,,,,LTC4365ITS8#TRMPBF
32759,1,U19,MAX31760AEE+T,MAX31760AEE+T,SSOP16,,SOP63P600X175-16L49N,4,G1E13-A,Yes,SMT,,,,,3.3 V,MAX31760AEE+T
34267,2,"U20, U29",FS1525-0600-A,FS1525-0600-A,6.8 mm x 7.6 mm,25 A,FS1525,4,G1E13-A,,SMT,,,,,,FS1525-0600-A
27269,1,U22,M.2-NGFF-Socket Key M PCIe,M.2 NGFF Socket Connector Key M PCIe,,,M.2-NGFF-Socket-Connector,4,G1E13-A,Yes,SMT,,,,,,1-2199119-5
23099,1,U23,TFP410PAP,TFP410PAP,HTQFP64,,QFP50P1200X1200X120-65N,4,G1E13-A,,SMT,,,,,3.0 V - 3.6 V,TFP410PAP
29426,1,U24,TPD12S016RKTR,TPD12S016RKTR,UFQFN24,,QFN40P400X200X55-24N,4,G1E13-A,,SMT,,,,,,TPD12S016RKTR
31879,2,"U26, U27",MPQ8633BGLE-Z,MPQ8633BGLE-Z,QFN21,,TPS548A28,4,G1E13-A,,SMT,Yes,,,,,MPQ8633BGLE-Z
34122,8,"U28, U31, U46, U47, U48, U50, U64, U65",FS1606-0600-AL,FS1606-0600-A,SMD17,6:00 AM,FS1406,4,G1E13-A,,SMT,,,,,0.6V,FS1606-0600-A 
27997,1,U30,M93C66-RMC6TG,M93C66-RMC6TG,UFDFPN8,4Kbit,UFDFPN8,4,G1E13-A,Yes,SMT,Yes,Microwire,,,1.8V/5.5V,M93C66-RMC6TG
29137,2,"U32, U62",510CCA12M0000CAG,510CCA12M0000CAG,3.2 x 2.5 mm,12M,DFN320X250X110-4N,4,G1E13-A,,SMT,,,,,,510CCA12M0000CAG
34241,3,"U34, U67, U68",FS3303-0400-AL-ES,FS3303-0400-AL-ES,LGA14,3:00 AM,MPM3834C,4,G1E13-A,,SMT,,,,,,FS3303-0400-AL-ES
29130,2,"U35, U41",510CCA25M0000CAG,510CCA25M0000CAG,3.2 x 2.5 mm,25M,DFN320X250X110-4N,4,G1E13-A,,SMT,,,,,,510CCA25M0000CAG
28286,1,U37,MT25QU02GCBB8E12-0SIT,MT25QU02GCBB8E12-0SIT,TFBGA24,2Gbit,BGA24C100P5X5_800X600X120N,4,G1E13-A,,SMT,,NOR,,,1.8V,MT25QU02GCBB8E12-0SIT
33716,1,U38,USB5734T-I/MR,USB5734T-I/MR,VQFN64,,QFN50P900X900X100-65T600X600N,4,G1E13-A,,SMT,,,,,,USB5734T-I/MR
27170,3,"U39, U63, U73",SN74AVC4T774RSVR,SN74AVC4T774RSVR,UQFN-16,,QFN40P260X180X55-16N,4,G1E13-A,Yes,SMT,,,,,,SN74AVC4T774RSVR
35228,2,"U42, U72",D3V3X4U10LP-7,TVS Diode Array 3.3/3V 10-UFDFN,10-XFDFN,,U-DFN2510-10,1,G1E13-A,,SMT,,,,,,D3V3X4U10LP-7
33750,3,"U43, U69, U70",AP22980FCF10-7,AP22980FCF10-7,WFQFN10,6:00 AM,AP22980,4,G1E13-A,,SMT,,,,,,AP22980FCF10-7
25562,1,U45,TCA9517DGK,TCA9517DGKR,MSOP8,,SOP65P490X110-8N,4,G1E13-A,Yes,SMT,,,,,,TCA9517DGKR
29131,3,"U51, U52, U53",510KCA25M0000CAG,510KCA25M0000CAG,3.2 x 2.5 mm,25M,DFN320X250X110-4N,4,G1E13-A,,SMT,,,,,,510KCA25M0000CAG
33755,2,"U54, U56",ADT75ARMZ,ADT75ARMZ,TSSOP8,,SOP65P490X110-8N,4,G1E13-A,,SMT,,,,,2.7 V - 5.5 V,ADT75ARMZ
30964,1,U55,BNX025H01L EMI-Filter,BNX025H01L,SMD4,20A,BNX023-01B,4,G1E13-A,,SMT,,,,,25V,BNX025H01L
28941,1,U61,FT4232H-56Q,FT4232H-56Q,VQFN56,,QFN50P800X800-57T610X610N,4,G1E13-A,Yes,SMT,Yes,,,,,FT4232H-56Q
34306,2,"U66, U71",AP7331-SNG-7,AP7331-SNG-7,UDFN6,0.3 A,AP7331-SNG,4,G1E13-A,,SMT,,,,,,AP7331-SNG-7
29662,1,Y1,LFXTAL055299REEL,LFXTAL055299REEL,XTAL 3.20mm x 2.50mm,25 MHz,OSCCC320X250X80N,4,G1E13-A,,SMT,,,±20ppm,,,LFXTAL055299REEL
